evaluationIndex,f,Nu,NuBoundary,obj,x1,x2,x3,x4,x5,x6,x7,x8,grad1,grad2,grad3,grad4,grad5,grad6,grad7,grad8
1,0.9393608421996795,7.988446021149246,8.012565149797856,0.2222362612927714,0.00625,-0.025,-0.025,-0.025,0.0,0.0,0.0,0.0,1.508180079707211,0.20204737966622588,2.238202863574845,0.8674431569488106,1.651841941443466,2.6827584577989727,-0.3938951237908994,-0.8732880444087265
2,0.9412330947797644,8.322170791027434,8.306863601654616,0.19776880243167627,0.0047418199202927894,-0.025202047379666227,-0.027238202863574847,-0.025867443156948812,-0.001651841941443466,-0.0026827584577989727,0.0003938951237908994,0.0008732880444087265,1.8152433964491732,0.6632018036626941,3.4901870233288723,1.8406073600609196,1.9074103598821224,3.6418577556864284,-0.034541965094392335,-0.44814831321660087
3,0.9440103012792364,9.051573097274355,8.965747625312382,0.14157588881377825,-0.0012909003985360542,-0.02601023689833113,-0.03619101431787423,-0.029337215784744054,-0.00825920970721733,-0.013413792288994864,0.001969475618954497,0.004366440222043633,0.9838115578350015,0.1629610357476441,1.7079630152713743,0.733844275976725,-0.3253128155886187,-0.8554556087762011,0.8673151386185407,0.8434371150927156
4,0.884620977738387,9.448124863478844,8.224921270587181,0.1484905240208343,-0.031454501992680274,-0.03005118449165565,-0.08095507158937112,-0.046686078923720266,-0.04129604853608665,-0.06706896144497432,0.009847378094772485,0.021832201110218163,-2.051233266976149,0.9355837146600154,9.60848393134539,10.250092407428301,-11.735010774182152,8.825724962515713,-1.8540007907395517,4.8091673186905215
